Wavelength (nm),,Transmittance,,Reflectance
400,,0.001669069,,0.994694272
401,,0.001400118,,0.995271236
402,,0.001267457,,0.995668018
403,,0.001233291,,0.995929459
404,,0.001287174,,0.99607362
405,,0.00144015,,0.996093032
406,,0.001728062,,0.995955834
407,,0.002223275,,0.995592118
408,,0.003050356,,0.994878619
409,,0.00436324,,0.99366401
410,,0.006106738,,0.992006531
411,,0.00746591,,0.9907303
412,,0.007387333,,0.990892884
413,,0.006297448,,0.992061195
414,,0.005188173,,0.993237369
415,,0.00442322,,0.994057099
416,,0.003999726,,0.99452536
417,,0.003856399,,0.994703854
418,,0.003960842,,0.99462586
419,,0.004324422,,0.994279535
420,,0.005011041,,0.993600046
421,,0.006160434,,0.992446464
422,,0.008042778,,0.990545422
423,,0.011179331,,0.987371833
424,,0.016614426,,0.981873767
425,,0.026558605,,0.971828404
426,,0.045980596,,0.952244792
427,,0.086556924,,0.911407194
428,,0.174691942,,0.822861748
429,,0.350143417,,0.646881066
430,,0.578508314,,0.418239798
431,,0.694768154,,0.302254537
432,,0.70171738,,0.295666261
433,,0.708528678,,0.289004922
434,,0.755196716,,0.242307861
435,,0.835690153,,0.161714395
436,,0.914446781,,0.082927977
437,,0.940167864,,0.057369008
438,,0.893095626,,0.104778326
439,,0.806011824,,0.192236967
440,,0.721662249,,0.276895056
441,,0.6616906,,0.337084763
442,,0.630830853,,0.368087222
443,,0.627524415,,0.371483208
444,,0.648984196,,0.350077337
445,,0.691999002,,0.307095425
446,,0.751779849,,0.247340357
447,,0.820425735,,0.178725246
448,,0.886838349,,0.112356294
449,,0.939706553,,0.059545561
450,,0.972500079,,0.026818264
451,,0.986245171,,0.013140337
452,,0.987512321,,0.011933883
453,,0.983953098,,0.015543793
454,,0.980972211,,0.018564936
455,,0.980622798,,0.01894591
456,,0.981958562,,0.017635998
457,,0.98204189,,0.017575697
458,,0.977284537,,0.022355481
459,,0.964898275,,0.034764445
460,,0.944014713,,0.05567078
461,,0.915981482,,0.083726401
462,,0.88374932,,0.115979876
463,,0.850802757,,0.148946119
464,,0.820232652,,0.179533931
465,,0.79426241,,0.205519709
466,,0.774189916,,0.225605781
467,,0.760554818,,0.239252976
468,,0.753361153,,0.246457719
469,,0.752266293,,0.247562993
470,,0.75670958,,0.243129523
471,,0.765986534,,0.233861825
472,,0.779285307,,0.220571917
473,,0.79570298,,0.204162773
474,,0.814259807,,0.185614146
475,,0.833925265,,0.16595654
476,,0.85366699,,0.14622231
477,,0.872525924,,0.127370545
478,,0.889709072,,0.110194173
479,,0.904680866,,0.095228699
480,,0.917224824,,0.082690665
481,,0.927450368,,0.072470704
482,,0.935735015,,0.064191323
483,,0.942609559,,0.057321714
484,,0.948610205,,0.051325655
485,,0.954127614,,0.045812509
486,,0.959279995,,0.040664019
487,,0.963833462,,0.036113971
488,,0.967188768,,0.03276163
489,,0.96844961,,0.031503431
490,,0.966579434,,0.033376072
491,,0.960631944,,0.039325917
492,,0.950008499,,0.049951612
493,,0.934667833,,0.065294426
494,,0.915213232,,0.084751125
495,,0.892822933,,0.107143487
496,,0.869050467,,0.130917974
497,,0.845569512,,0.15440089
498,,0.823943781,,0.176028484
499,,0.805470443,,0.194503564
500,,0.791106612,,0.208869
501,,0.781458104,,0.218518957
502,,0.776799571,,0.223178779
503,,0.777100988,,0.222878506
504,,0.782045643,,0.21793487
505,,0.791038202,,0.208943232
506,,0.803213019,,0.196769254
507,,0.817461445,,0.182521597
508,,0.832500545,,0.167483227
509,,0.84699745,,0.15298704
510,,0.859744693,,0.140240517
511,,0.869854023,,0.130131924
512,,0.876914172,,0.123072533
513,,0.881059657,,0.118927817
514,,0.882925649,,0.117062598
515,,0.883505147,,0.116483856
516,,0.883955461,,0.116034263
517,,0.885405257,,0.114585143
518,,0.888796353,,0.111194665
519,,0.894770136,,0.105221437
520,,0.903591469,,0.096400596
521,,0.91509864,,0.084893856
522,,0.928674723,,0.071318149
523,,0.943249617,,0.056743586
524,,0.95735573,,0.042637767
525,,0.969264888,,0.030728881
526,,0.977220141,,0.022773886
527,,0.979739909,,0.020254373
528,,0.975924695,,0.024069849
529,,0.965667903,,0.034326913
530,,0.94969106,,0.050304033
531,,0.92938928,,0.070606086
532,,0.9065486,,0.093447029
533,,0.883035673,,0.116960207
534,,0.860546487,,0.139449635
535,,0.840454938,,0.159541409
536,,0.823756666,,0.176239888
537,,0.811077618,,0.188919119
538,,0.802713467,,0.19728343
539,,0.798673505,,0.201323531
540,,0.79871474,,0.201282417
541,,0.802363036,,0.197634226
542,,0.808926399,,0.191070954
543,,0.817511789,,0.182485645
544,,0.827060156,,0.172937354
545,,0.836413197,,0.163584386
546,,0.844418311,,0.155579345
547,,0.850064597,,0.149933136
548,,0.852625366,,0.147372448
549,,0.851771711,,0.148226192
550,,0.847623388,,0.15237461
551,,0.840720604,,0.159277496
552,,0.831926763,,0.168071441
553,,0.822292223,,0.177706085
554,,0.812915819,,0.187082592
555,,0.804832815,,0.195165695
556,,0.798941383,,0.201057222
557,,0.795965681,,0.204033012
558,,0.796444649,,0.203554125
559,,0.800732616,,0.199266232
560,,0.80900035,,0.190998563
561,,0.821228267,,0.178770706
562,,0.837188536,,0.162810489
563,,0.856417847,,0.143581225
564,,0.878186437,,0.121812675
565,,0.901476895,,0.098522254
566,,0.924991574,,0.075007608
567,,0.947208194,,0.052791017
568,,0.966499599,,0.033499638
569,,0.981316415,,0.018682847
570,,0.990404173,,0.009595114
571,,0.993003715,,0.006995595
572,,0.98897594,,0.011023395
573,,0.978810271,,0.021189086
574,,0.963515892,,0.036483489
575,,0.944432884,,0.055566521
576,,0.923020309,,0.07697912
577,,0.900672544,,0.099326908
578,,0.878592374,,0.121407102
579,,0.857726355,,0.142273143
580,,0.83875081,,0.161248709
581,,0.822090673,,0.177908868
582,,0.807954517,,0.192045043
583,,0.796374005,,0.203625575
584,,0.787240977,,0.212758621
585,,0.780339837,,0.219659779
586,,0.775375386,,0.224624247
587,,0.771997806,,0.228001842
588,,0.769826746,,0.230172918
589,,0.768475614,,0.231524064
590,,0.767576693,,0.232422999
591,,0.766806338,,0.233193368
592,,0.7659081,,0.23409162
593,,0.764711288,,0.235288444
594,,0.763142453,,0.236857293
595,,0.76122795,,0.238771807
596,,0.759087223,,0.240912546
597,,0.756918077,,0.243081704
598,,0.754976447,,0.245023344
599,,0.753553545,,0.246446256
600,,0.752953293,,0.247046516
601,,0.753472097,,0.24652772
602,,0.755381961,,0.244617863
603,,0.75891709,,0.241082741
604,,0.764263315,,0.235736523
605,,0.771549224,,0.228450619
606,,0.78083804,,0.219161808
607,,0.792119485,,0.207880368
608,,0.80530129,,0.194698567
609,,0.820200824,,0.179799037
610,,0.83653817,,0.163461695
611,,0.853932731,,0.146067138
612,,0.871905777,,0.128094096
613,,0.88989248,,0.110107396
614,,0.90726589,,0.092733989
615,,0.92337337,,0.076626513
616,,0.937584177,,0.062415711
617,,0.94934323,,0.050656661
618,,0.958223185,,0.041776711
619,,0.963966109,,0.036033791
620,,0.966506851,,0.033493053
621,,0.965973344,,0.034026564
622,,0.962664093,,0.037335819
623,,0.957007729,,0.042992187
624,,0.949512286,,0.050487634
625,,0.940712759,,0.059287164
626,,0.931124111,,0.068875816
627,,0.921203918,,0.078796011
628,,0.911326628,,0.088673304
629,,0.901768834,,0.098231101
630,,0.89270372,,0.107296217
631,,0.884202618,,0.115797321
632,,0.876241836,,0.123758104
633,,0.868713444,,0.131286498
634,,0.861439494,,0.13856045
635,,0.854189297,,0.145810649
636,,0.846699538,,0.153300408
637,,0.838696969,,0.161302979
638,,0.829922674,,0.170077276
639,,0.82015625,,0.179843701
640,,0.809237831,,0.190762121
641,,0.797085428,,0.202914527
642,,0.783705294,,0.216294662
643,,0.769193862,,0.230806096
644,,0.75373105,,0.24626891
645,,0.737566032,,0.262433929
646,,0.720997769,,0.279002194
647,,0.704353303,,0.295646662
648,,0.68796678,,0.312033186
649,,0.672161308,,0.32783866
650,,0.657235262,,0.342764707
651,,0.643453578,,0.356546393
652,,0.631043541,,0.368956431
653,,0.620194467,,0.379805506
654,,0.61106024,,0.388939734
655,,0.603763501,,0.396236475
656,,0.598400581,,0.401599395
657,,0.595046338,,0.40495364
658,,0.59375844,,0.406241538
659,,0.594580778,,0.4054192
660,,0.597545602,,0.402454378
661,,0.602674301,,0.397325679
662,,0.609976653,,0.390023328
663,,0.619448399,,0.380551583
664,,0.63106735,,0.368932632
665,,0.644787987,,0.355211995
666,,0.660534817,,0.339465166
667,,0.67819455,,0.321805433
668,,0.697607719,,0.302392265
669,,0.718560904,,0.28143908
670,,0.740780357,,0.259219628
671,,0.763928278,,0.236071706
672,,0.787604051,,0.212395934
673,,0.811350842,,0.188649143
674,,0.834668167,,0.165331819
675,,0.857031029,,0.142968957
676,,0.877914092,,0.122085895
677,,0.896818228,,0.103181759
678,,0.913296643,,0.086703345
679,,0.926976042,,0.073023946
680,,0.937569531,,0.062430458
681,,0.944879382,,0.055120607
682,,0.948789243,,0.051210747
683,,0.94924781,,0.05075218
684,,0.946247622,,0.053752369
685,,0.939802879,,0.060197112
686,,0.929930673,,0.070069318
687,,0.916639412,,0.08336058
688,,0.899926765,,0.100073226
689,,0.879788198,,0.120211794
690,,0.856235549,,0.143764444
691,,0.829322991,,0.170677002
692,,0.799175469,,0.200824524
693,,0.766014889,,0.233985104
694,,0.730177896,,0.269822097
695,,0.692119537,,0.307880456
696,,0.652400759,,0.347599234
697,,0.611659946,,0.388340048
698,,0.57057185,,0.429428144
699,,0.529802248,,0.470197746
700,,0.489965055,,0.51003494
701,,0.451587833,,0.548412162
702,,0.415090405,,0.58490959
703,,0.380776846,,0.619223149
704,,0.34883835,,0.651161645
705,,0.319364856,,0.68063514
706,,0.292361749,,0.707638248
707,,0.267768429,,0.732231567
708,,0.245476406,,0.754523591
709,,0.225345346,,0.774654651
710,,0.207216472,,0.792783525
711,,0.190923005,,0.809076993
712,,0.176297923,,0.823702075
713,,0.16317938,,0.836820618
714,,0.15141422,,0.848585778
715,,0.140860022,,0.859139976
716,,0.131386125,,0.868613874
717,,0.122873718,,0.87712628
718,,0.115215578,,0.88478442
719,,0.108315527,,0.891684472
720,,0.102087628,,0.897912371
721,,0.096455311,,0.903544688
722,,0.091350516,,0.908649483
723,,0.086712752,,0.913287247
724,,0.08248825,,0.917511749
725,,0.078629213,,0.921370786
726,,0.075093102,,0.924906897
727,,0.071842062,,0.928157938
728,,0.068842438,,0.931157561
729,,0.06606429,,0.933935709
730,,0.063480993,,0.936519007
731,,0.061068894,,0.938931106
732,,0.058807038,,0.941192962
733,,0.056676916,,0.943323084
734,,0.054662265,,0.945337735
735,,0.052748883,,0.947251117
736,,0.050924488,,0.949075512
737,,0.049178548,,0.950821452
738,,0.047502143,,0.952497857
739,,0.045887865,,0.954112135
740,,0.044329683,,0.955670317
741,,0.042822833,,0.957177167
742,,0.041363678,,0.958636322
743,,0.039949544,,0.960050456
744,,0.038578593,,0.961421407
745,,0.037249682,,0.962750318
746,,0.035962215,,0.964037785
747,,0.034716034,,0.965283966
748,,0.033511299,,0.966488701
749,,0.032348361,,0.967651639
750,,0.03122766,,0.96877234
751,,0.030149628,,0.969850372
752,,0.029114628,,0.970885372
753,,0.028122927,,0.971877073
754,,0.027174643,,0.972825357
755,,0.026269726,,0.973730274
756,,0.025407948,,0.974592052
757,,0.02458889,,0.97541111
758,,0.023811945,,0.976188055
759,,0.02307634,,0.97692366
760,,0.022381156,,0.977618844
761,,0.021725351,,0.978274649
762,,0.021107776,,0.978892224
763,,0.020527183,,0.979472817
764,,0.019982251,,0.980017749
765,,0.019471599,,0.980528401
766,,0.018993804,,0.981006196
767,,0.018547419,,0.981452581
768,,0.018130991,,0.981869009
769,,0.017743059,,0.982256941
770,,0.017382165,,0.982617835
771,,0.017046854,,0.982953146
772,,0.016735676,,0.983264324
773,,0.016447201,,0.983552799
774,,0.016180011,,0.983819989
775,,0.015932714,,0.984067286
776,,0.015703938,,0.984296062
777,,0.015492334,,0.984507666
778,,0.015296569,,0.984703431
779,,0.015115326,,0.984884674
780,,0.014947307,,0.985052693
781,,0.014791229,,0.985208771
782,,0.014645829,,0.985354171
783,,0.014509871,,0.985490129
784,,0.01438214,,0.98561786
785,,0.014261446,,0.985738554
786,,0.014146634,,0.985853366
787,,0.014036577,,0.985963423
788,,0.013930186,,0.986069814
789,,0.013826425,,0.986173575
790,,0.013724315,,0.986275685
791,,0.013622949,,0.986377051
792,,0.013521505,,0.986478495
793,,0.013419251,,0.986580749
794,,0.013315544,,0.986684456
795,,0.013209846,,0.986790154
796,,0.013101718,,0.986898282
797,,0.012990822,,0.987009178
798,,0.012876938,,0.987123062
799,,0.012759954,,0.987240046
800,,0.012639874,,0.987360126
801,,0.012516806,,0.987483194
802,,0.012390966,,0.987609034
803,,0.012262657,,0.987737343
804,,0.012132263,,0.987867737
805,,0.012000241,,0.987999759
806,,0.011867105,,0.988132895
807,,0.011733417,,0.988266583
808,,0.011599779,,0.988400221
809,,0.011466813,,0.988533187
810,,0.011335156,,0.988664844
811,,0.011205444,,0.988794556
812,,0.011078297,,0.988921703
813,,0.010954313,,0.989045687
814,,0.010834069,,0.989165931
815,,0.010718112,,0.989281888
816,,0.010606964,,0.989393036
817,,0.010501119,,0.989498881
818,,0.010401032,,0.989598968
819,,0.010307121,,0.989692879
820,,0.010219769,,0.989780231
821,,0.010139317,,0.989860683
822,,0.010066068,,0.989933932
823,,0.010000297,,0.989999703
824,,0.009942246,,0.990057754
825,,0.00989213,,0.99010787
826,,0.009850133,,0.990149867
827,,0.009816415,,0.990183585
828,,0.009791119,,0.990208881
829,,0.009774362,,0.990225638
830,,0.009766242,,0.990233758
831,,0.009766835,,0.990233165
832,,0.009776192,,0.990223808
833,,0.009794343,,0.990205657
834,,0.009821293,,0.990178707
835,,0.009857027,,0.990142973
836,,0.009901509,,0.990098491
837,,0.009954679,,0.990045321
838,,0.010016446,,0.989983554
839,,0.010086683,,0.989913317
840,,0.010165226,,0.989834774
841,,0.010251864,,0.989748136
842,,0.010346334,,0.989653666
843,,0.010448322,,0.989551678
844,,0.010557452,,0.989442548
845,,0.010673281,,0.989326719
846,,0.010795291,,0.989204709
847,,0.010922889,,0.989077111
848,,0.011055396,,0.988944604
849,,0.01119205,,0.98880795
850,,0.011331996,,0.988668004
851,,0.011474289,,0.988525711
852,,0.011617893,,0.988382107
853,,0.011761686,,0.988238314
854,,0.011904465,,0.988095535
855,,0.012044964,,0.987955036
856,,0.012181865,,0.987818135
857,,0.012313824,,0.987686176
858,,0.01243949,,0.98756051
859,,0.012557527,,0.987442473
860,,0.01266664,,0.98733336
861,,0.012765607,,0.987234393
862,,0.012853299,,0.987146701
863,,0.012928721,,0.987071279
864,,0.012991037,,0.987008963
865,,0.013039595,,0.986960405
866,,0.013073947,,0.986926053
867,,0.013093863,,0.986906137
868,,0.013099333,,0.986900667
869,,0.013090569,,0.986909431
870,,0.013068002,,0.986931998
871,,0.013032266,,0.986967734
872,,0.012984192,,0.987015808
873,,0.012924778,,0.987075222
874,,0.012855167,,0.987144833
875,,0.012776608,,0.987223392
876,,0.012690432,,0.987309568
877,,0.012598011,,0.987401989
878,,0.012500742,,0.987499258
879,,0.012400021,,0.987599979
880,,0.012297227,,0.987702773
881,,0.012193711,,0.987806289
882,,0.01209078,,0.98790922
883,,0.011989674,,0.988010326
884,,0.011891566,,0.988108434
885,,0.011797557,,0.988202443
886,,0.011708672,,0.988291328
887,,0.011625869,,0.988374131
888,,0.011550049,,0.988449951
889,,0.01148205,,0.98851795
890,,0.011422654,,0.988577346
891,,0.011372589,,0.988627411
892,,0.011332535,,0.988667465
893,,0.011303137,,0.988696863
894,,0.011285017,,0.988714983
895,,0.011278786,,0.988721214
896,,0.011285052,,0.988714948
897,,0.011304437,,0.988695563
898,,0.011337573,,0.988662427
899,,0.011385115,,0.988614885
900,,0.011447746,,0.988552254
901,,0.011526187,,0.988473813
902,,0.011621206,,0.988378794
903,,0.011733633,,0.988266367
904,,0.011864363,,0.988135637
905,,0.01201437,,0.98798563
906,,0.012184716,,0.987815284
907,,0.012376559,,0.987623441
908,,0.012591164,,0.987408836
909,,0.012829912,,0.987170088
910,,0.013094318,,0.986905682
911,,0.013386036,,0.986613964
912,,0.013706875,,0.986293125
913,,0.014058806,,0.985941194
914,,0.014443972,,0.985556028
915,,0.014864692,,0.985135308
916,,0.015323472,,0.984676528
917,,0.015823004,,0.984176996
918,,0.016366167,,0.983633833
919,,0.016956016,,0.983043984
920,,0.017595761,,0.982404239
921,,0.018288735,,0.981711265
922,,0.019038349,,0.980961651
923,,0.019848017,,0.980151983
924,,0.020721063,,0.979278937
925,,0.02166058,,0.97833942
926,,0.022669251,,0.977330749
927,,0.023749119,,0.976250881
928,,0.024901287,,0.975098713
929,,0.026125564,,0.973874436
930,,0.027420033,,0.972579967
931,,0.028780544,,0.971219456
932,,0.030200175,,0.969799825
933,,0.031668638,,0.968331362
934,,0.033171719,,0.966828281
935,,0.034690816,,0.965309184
936,,0.03620266,,0.96379734
937,,0.037679348,,0.962320652
938,,0.03908882,,0.96091118
939,,0.040395882,,0.959604118
940,,0.041563804,,0.958436196
941,,0.042556463,,0.957443537
942,,0.043340847,,0.956659153
943,,0.043889662,,0.956110338
944,,0.044183709,,0.955816291
945,,0.044213652,,0.955786348
946,,0.043980885,,0.956019115
947,,0.043497406,,0.956502594
948,,0.042784576,,0.957215424
949,,0.041871069,,0.958128931
950,,0.040790376,,0.959209624
951,,0.039578184,,0.960421816
952,,0.038269936,,0.961730064
953,,0.036899025,,0.963100975
954,,0.035495487,,0.964504513
955,,0.034085227,,0.965914773
956,,0.032689747,,0.967310253
957,,0.031326292,,0.968673708
958,,0.030008082,,0.969991918
959,,0.028744746,,0.971255254
960,,0.027542847,,0.972457153
961,,0.026406385,,0.973593615
962,,0.025337275,,0.974662725
963,,0.024335898,,0.975664102
964,,0.023401474,,0.976598526
965,,0.022532392,,0.977467608
966,,0.021726504,,0.978273496
967,,0.02098131,,0.97901869
968,,0.020294072,,0.979705928
969,,0.019661962,,0.980338038
970,,0.019082154,,0.980917846
971,,0.018551883,,0.981448117
972,,0.018068509,,0.981931491
973,,0.017629555,,0.982370445
974,,0.017232712,,0.982767288
975,,0.01687585,,0.98312415
976,,0.016557018,,0.983442982
977,,0.016274449,,0.983725551
978,,0.016026578,,0.983973422
979,,0.015812031,,0.984187969
980,,0.015629622,,0.984370378
981,,0.015478355,,0.984521645
982,,0.015357407,,0.984642593
983,,0.015266128,,0.984733872
984,,0.015204043,,0.984795957
985,,0.015170856,,0.984829144
986,,0.015166454,,0.984833546
987,,0.015190908,,0.984809092
988,,0.015244464,,0.984755536
989,,0.015327554,,0.984672446
990,,0.015440803,,0.984559197
991,,0.015585028,,0.984414972
992,,0.015761266,,0.984238734
993,,0.015970782,,0.984029218
994,,0.016215082,,0.983784918
995,,0.016495922,,0.983504078
996,,0.016815336,,0.983184664
997,,0.01717564,,0.98282436
998,,0.017579473,,0.982420527
999,,0.018029823,,0.981970177
1000,,0.018530055,,0.981469945
1001,,0.019083943,,0.980916057
1002,,0.019695712,,0.980304288
1003,,0.020370054,,0.979629946
1004,,0.021112156,,0.978887844
1005,,0.021927723,,0.978072277
1006,,0.02282298,,0.97717702
1007,,0.023804665,,0.976195335
1008,,0.024879994,,0.975120006
1009,,0.026056594,,0.973943406
1010,,0.027342371,,0.972657629
1011,,0.028745301,,0.971254699
1012,,0.030273123,,0.969726877
1013,,0.031932866,,0.968067134
1014,,0.033730203,,0.966269797
1015,,0.035668561,,0.964331439
1016,,0.037747956,,0.962252044
1017,,0.039963486,,0.960036514
1018,,0.042303513,,0.957696487
1019,,0.044747542,,0.955252458
1020,,0.047263949,,0.952736051
1021,,0.049807844,,0.950192156
1022,,0.05231953,,0.94768047
1023,,0.054724162,,0.945275838
1024,,0.056933394,,0.943066606
1025,,0.058849652,,0.941150348
1026,,0.060373365,,0.939626635
1027,,0.061412743,,0.938587257
1028,,0.061894848,,0.938105152
1029,,0.061775808,,0.938224192
1030,,0.061047771,,0.938952229
1031,,0.059740757,,0.940259243
1032,,0.057918761,,0.942081239
1033,,0.055671083,,0.944328917
1034,,0.053101097,,0.946898903
1035,,0.050314902,,0.949685098
1036,,0.047411876,,0.952588124
1037,,0.044478296,,0.955521704
1038,,0.041584089,,0.958415911
1039,,0.038782183,,0.961217817
1040,,0.036109723,,0.963890277
1041,,0.033590316,,0.966409684
1042,,0.031236644,,0.968763356
1043,,0.029053082,,0.970946918
1044,,0.027037996,,0.972962004
1045,,0.025185633,,0.974814367
1046,,0.023487618,,0.976512382
1047,,0.021934085,,0.978065915
1048,,0.020514471,,0.979485529
1049,,0.019218077,,0.980781923
1050,,0.018034448,,0.981965552
1051,,0.016953608,,0.983046392
1052,,0.015966195,,0.984033805
1053,,0.015063542,,0.984936458
1054,,0.014237704,,0.985762296
1055,,0.013481441,,0.986518559
1056,,0.012788201,,0.987211799
1057,,0.012152067,,0.987847933
1058,,0.011567705,,0.988432295
1059,,0.011030315,,0.988969685
1060,,0.010535585,,0.989464415
1061,,0.010079639,,0.989920361
1062,,0.009659003,,0.990340997
1063,,0.00927056,,0.99072944
1064,,0.008911512,,0.991088488
1065,,0.008579345,,0.991420655
1066,,0.008271795,,0.991728205
1067,,0.007986822,,0.992013178
1068,,0.007722584,,0.992277416
1069,,0.007477427,,0.992522573
1070,,0.007249855,,0.992750145
1071,,0.007038521,,0.992961479
1072,,0.006842212,,0.993157788
1073,,0.006659826,,0.993340174
1074,,0.006490367,,0.993509633
1075,,0.006332933,,0.993667067
1076,,0.006186701,,0.993813299
1077,,0.00605093,,0.99394907
1078,,0.005924948,,0.994075052
1079,,0.005808144,,0.994191856
1080,,0.005699963,,0.994300037
1081,,0.0055999,,0.9944001
1082,,0.005507493,,0.994492507
1083,,0.005422321,,0.994577679
1084,,0.005344004,,0.994655996
1085,,0.005272195,,0.994727805
1086,,0.005206579,,0.994793421
1087,,0.005146876,,0.994853124
1088,,0.005092831,,0.994907169
1089,,0.005044213,,0.994955787
1090,,0.005000818,,0.994999182
1091,,0.004962459,,0.995037541
1092,,0.004928969,,0.995071031
1093,,0.004900196,,0.995099804
1094,,0.004876008,,0.995123992
1095,,0.004856288,,0.995143712
1096,,0.004840937,,0.995159063
1097,,0.004829872,,0.995170128
1098,,0.004823028,,0.995176972
1099,,0.00482035,,0.99517965
1100,,0.004821799,,0.995178201
1101,,0.004827344,,0.995172656
1102,,0.004836964,,0.995163036
1103,,0.004850654,,0.995149346
1104,,0.004868418,,0.995131582
1105,,0.004890275,,0.995109725
1106,,0.004916253,,0.995083747
1107,,0.004946392,,0.995053608
1108,,0.004980742,,0.995019258
1109,,0.005019364,,0.994980636
1110,,0.005062331,,0.994937669
1111,,0.005109728,,0.994890272
1112,,0.005161655,,0.994838345
1113,,0.005218226,,0.994781774
1114,,0.005279564,,0.994720436
1115,,0.00534581,,0.99465419
1116,,0.005417112,,0.994582888
1117,,0.005493635,,0.994506365
1118,,0.005575555,,0.994424445
1119,,0.005663065,,0.994336935
1120,,0.005756375,,0.994243625
1121,,0.005855708,,0.994144292
1122,,0.005961308,,0.994038692
1123,,0.006073436,,0.993926564
1124,,0.006192371,,0.993807629
1125,,0.006318412,,0.993681588
1126,,0.006451876,,0.993548124
1127,,0.006593102,,0.993406898
1128,,0.006742451,,0.993257549
1129,,0.006900304,,0.993099696
1130,,0.007067068,,0.992932932
1131,,0.007243174,,0.992756826
1132,,0.007429077,,0.992570923
1133,,0.007625258,,0.992374742
1134,,0.007832225,,0.992167775
1135,,0.00805051,,0.99194949
1136,,0.008280671,,0.991719329
1137,,0.008523295,,0.991476705
1138,,0.008778991,,0.991221009
1139,,0.009048394,,0.990951606
1140,,0.009332162,,0.990667838
1141,,0.009630973,,0.990369027
1142,,0.009945522,,0.990054478
1143,,0.010276519,,0.989723481
1144,,0.010624683,,0.989375317
1145,,0.010990734,,0.989009266
1146,,0.011375387,,0.988624613
1147,,0.011779343,,0.988220657
1148,,0.012203278,,0.987796722
1149,,0.012647829,,0.987352171
1150,,0.013113579,,0.986886421
1151,,0.013601035,,0.986398965
1152,,0.014110612,,0.985889388
1153,,0.014642605,,0.985357395
1154,,0.015197161,,0.984802839
1155,,0.015774254,,0.984225746
1156,,0.016373644,,0.983626356
1157,,0.016994848,,0.983005152
1158,,0.017637095,,0.982362905
1159,,0.018299294,,0.981700706
1160,,0.018979989,,0.981020011
1161,,0.019677321,,0.980322679
1162,,0.020388997,,0.979611003
1163,,0.021112258,,0.978887742
1164,,0.021843855,,0.978156145
1165,,0.022580046,,0.977419954
1166,,0.023316597,,0.976683403
1167,,0.024048804,,0.975951196
1168,,0.024771532,,0.975228468
1169,,0.025479276,,0.974520724
1170,,0.026166248,,0.973833752
1171,,0.026826478,,0.973173522
1172,,0.027453945,,0.972546055
1173,,0.028042718,,0.971957282
1174,,0.02858711,,0.97141289
1175,,0.029081836,,0.970918164
1176,,0.029522162,,0.970477838
1177,,0.029904058,,0.970095942
1178,,0.030224313,,0.969775687
1179,,0.030480636,,0.969519364
1180,,0.030671711,,0.969328289
1181,,0.03079723,,0.96920277
1182,,0.030857863,,0.969142137
1183,,0.030855213,,0.969144787
1184,,0.03079174,,0.96920826
1185,,0.030670658,,0.969329342
1186,,0.030495813,,0.969504187
1187,,0.030271567,,0.969728433
1188,,0.030002647,,0.969997353
1189,,0.029694005,,0.970305995
1190,,0.029350691,,0.970649309
1191,,0.028977728,,0.971022272
1192,,0.028580003,,0.971419997
1193,,0.028162214,,0.971837786
1194,,0.027728796,,0.972271204
1195,,0.027283881,,0.972716119
1196,,0.026831265,,0.973168735
1197,,0.026374407,,0.973625593
1198,,0.025916408,,0.974083592
1199,,0.025460019,,0.974539981
1200,,0.02500765,,0.97499235
1201,,0.024561388,,0.975438612
1202,,0.024123004,,0.975876996
1203,,0.023693985,,0.976306015
1204,,0.023275563,,0.976724437
1205,,0.022868746,,0.977131254
1206,,0.022474345,,0.977525655
1207,,0.022093007,,0.977906993
1208,,0.02172523,,0.97827477
1209,,0.021371374,,0.978628626
1210,,0.021031681,,0.978968319
1211,,0.020706284,,0.979293716
1212,,0.020395221,,0.979604779
1213,,0.020098463,,0.979901537
1214,,0.019815927,,0.980184073
1215,,0.01954748,,0.98045252
1216,,0.019292961,,0.980707039
1217,,0.019052182,,0.980947818
1218,,0.018824932,,0.981175068
1219,,0.018610983,,0.981389017
1220,,0.018410096,,0.981589904
1221,,0.018222029,,0.981777971
1222,,0.018046538,,0.981953462
1223,,0.017883379,,0.982116621
1224,,0.017732312,,0.982267688
1225,,0.017593106,,0.982406894
1226,,0.017465534,,0.982534466
1227,,0.017349381,,0.982650619
1228,,0.017244448,,0.982755552
1229,,0.017150549,,0.982849451
1230,,0.017067509,,0.982932491
1231,,0.016995165,,0.983004835
1232,,0.016933364,,0.983066636
1233,,0.016881969,,0.983118031
1234,,0.016840855,,0.983159145
1235,,0.016809918,,0.983190082
1236,,0.016789067,,0.983210933
1237,,0.016778233,,0.983221767
1238,,0.016777359,,0.983222641
1239,,0.016786406,,0.983213594
1240,,0.016805349,,0.983194651
1241,,0.016834181,,0.983165819
1242,,0.016872913,,0.983127087
1243,,0.01692157,,0.98307843
1244,,0.016980196,,0.983019804
1245,,0.017048853,,0.982951147
1246,,0.017127619,,0.982872381
1247,,0.01721659,,0.98278341
1248,,0.017315882,,0.982684118
1249,,0.017425628,,0.982574372
1250,,0.01754598,,0.98245402
1251,,0.01767711,,0.98232289
1252,,0.01781921,,0.98218079
1253,,0.017972494,,0.982027506
1254,,0.018137199,,0.981862801
1255,,0.018313581,,0.981686419
1256,,0.018501922,,0.981498078
1257,,0.018702521,,0.981297479
1258,,0.018915703,,0.981084297
1259,,0.01914182,,0.98085818
1260,,0.01938125,,0.98061875
1261,,0.0196344,,0.9803656
1262,,0.019901707,,0.980098293
1263,,0.020183637,,0.979816363
1264,,0.020480686,,0.979519314
1265,,0.020793387,,0.979206613
1266,,0.021122306,,0.978877694
1267,,0.021468047,,0.978531953
1268,,0.021831258,,0.978168742
1269,,0.022212626,,0.977787374
1270,,0.022612881,,0.977387119
1271,,0.023032796,,0.976967204
1272,,0.023473192,,0.976526808
1273,,0.023934941,,0.976065059
1274,,0.024418969,,0.975581031
1275,,0.024926264,,0.975073736
1276,,0.025457874,,0.974542126
1277,,0.026014914,,0.973985086
1278,,0.026598567,,0.973401433
1279,,0.027210089,,0.972789911
1280,,0.027850815,,0.972149185
1281,,0.02852216,,0.97147784
1282,,0.029225631,,0.970774369
1283,,0.029962826,,0.970037174
1284,,0.030735446,,0.969264554
1285,,0.031545293,,0.968454707
1286,,0.032394287,,0.967605713
1287,,0.033284468,,0.966715532
1288,,0.034218008,,0.965781992
1289,,0.035197214,,0.964802786
1290,,0.036224545,,0.963775455
1291,,0.037302611,,0.962697389
1292,,0.038434191,,0.961565809
1293,,0.039622241,,0.960377759
1294,,0.040869909,,0.959130091
1295,,0.042180543,,0.957819457
1296,,0.043557711,,0.956442289
1297,,0.045005207,,0.954994793
1298,,0.046527072,,0.953472928
1299,,0.048127608,,0.951872392
1300,,0.049811398,,0.950188602
1301,,0.051583316,,0.948416684
1302,,0.053448555,,0.946551445
1303,,0.055412639,,0.944587361
1304,,0.057481446,,0.942518554
1305,,0.059661232,,0.940338768
1306,,0.061958648,,0.938041352
1307,,0.064380765,,0.935619235
1308,,0.066935097,,0.933064903
1309,,0.069629622,,0.930370378
1310,,0.072472806,,0.927527194
1311,,0.075473634,,0.924526366
1312,,0.078641614,,0.921358386
1313,,0.081986792,,0.918013208
1314,,0.085519783,,0.914480217
1315,,0.089251778,,0.910748222
1316,,0.093194566,,0.906805434
1317,,0.09736056,,0.90263944
1318,,0.101762774,,0.898237226
1319,,0.106414821,,0.893585179
1320,,0.11133089,,0.88866911
1321,,0.116525699,,0.883474301
1322,,0.12201445,,0.87798555
1323,,0.127812792,,0.872187208
1324,,0.133936732,,0.866063268
1325,,0.140402522,,0.859597478
1326,,0.147226531,,0.852773469
1327,,0.154425074,,0.845574926
1328,,0.162014216,,0.837985784
1329,,0.170009533,,0.829990467
1330,,0.178425821,,0.821574179
1331,,0.187276768,,0.812723232
1332,,0.196574569,,0.803425431
1333,,0.206329489,,0.793670511
1334,,0.216549374,,0.783450626
1335,,0.227239109,,0.772760891
1336,,0.238400038,,0.761599962
1337,,0.250029328,,0.749970672
1338,,0.262119325,,0.737880675
1339,,0.274656884,,0.725343116
1340,,0.28762272,,0.71237728
1341,,0.300990797,,0.699009203
1342,,0.314727783,,0.685272217
1343,,0.328792624,,0.671207376
1344,,0.343136267,,0.656863733
1345,,0.357701568,,0.642298432
1346,,0.372423482,,0.627576518
1347,,0.387229382,,0.612770618
1348,,0.402039752,,0.597960248
1349,,0.416769273,,0.583230727
1350,,0.431328165,,0.568671835
1351,,0.44562384,,0.55437616
1352,,0.459562823,,0.540437177
1353,,0.473052719,,0.526947281
1354,,0.486004354,,0.513995646
1355,,0.498333941,,0.501666059
1356,,0.50996511,,0.49003489
1357,,0.52083083,,0.47916917
1358,,0.530875051,,0.469124949
1359,,0.540053907,,0.459946093
1360,,0.548336528,,0.451663472
1361,,0.555705399,,0.444294601
1362,,0.562156277,,0.437843723
1363,,0.56769768,,0.43230232
1364,,0.572350021,,0.427649979
1365,,0.576144423,,0.423855577
1366,,0.579121316,,0.420878684
1367,,0.581328898,,0.418671102
1368,,0.582821524,,0.417178476
1369,,0.583658103,,0.416341897
1370,,0.583900573,,0.416099427
1371,,0.58361249,,0.41638751
1372,,0.582857767,,0.417142233
1373,,0.58169959,,0.41830041
1374,,0.580199513,,0.419800487
1375,,0.578416734,,0.421583266
1376,,0.576407545,,0.423592455
1377,,0.574224938,,0.425775062
1378,,0.571918348,,0.428081652
1379,,0.569533525,,0.430466475
1380,,0.567112499,,0.432887501
1381,,0.564693601,,0.435306399
1382,,0.562311641,,0.437688359
1383,,0.559998074,,0.440001926
1384,,0.557781152,,0.442218848
1385,,0.555686142,,0.444313858
1386,,0.553735536,,0.446264464
1387,,0.551949263,,0.448050737
1388,,0.550344968,,0.449655032
1389,,0.548938249,,0.451061751
1390,,0.547742874,,0.452257126
1391,,0.546771028,,0.453228972
1392,,0.54603345,,0.45396655
1393,,0.545539576,,0.454460424
1394,,0.545297747,,0.454702253
1395,,0.545315359,,0.454684641
1396,,0.545598981,,0.454401019
1397,,0.546154515,,0.453845485
1398,,0.546987267,,0.453012733
1399,,0.548102009,,0.451897991
1400,,0.549503061,,0.450496939
1401,,0.551194348,,0.448805652
1402,,0.553179478,,0.446820522
1403,,0.555461806,,0.444538194
1404,,0.558044466,,0.441955534
1405,,0.560930397,,0.439069603
1406,,0.564122354,,0.435877646
1407,,0.567622909,,0.432377091
1408,,0.571434465,,0.428565535
1409,,0.575559247,,0.424440753
1410,,0.579999285,,0.420000715
1411,,0.584756417,,0.415243583
1412,,0.589832222,,0.410167778
1413,,0.595227974,,0.404772026
1414,,0.600944608,,0.399055392
1415,,0.606982677,,0.393017323
1416,,0.613342283,,0.386657717
1417,,0.620023091,,0.379976909
1418,,0.627024249,,0.372975751
1419,,0.634344264,,0.365655736
1420,,0.641980912,,0.358019088
1421,,0.649931083,,0.350068917
1422,,0.658190608,,0.341809392
1423,,0.666754244,,0.333245756
1424,,0.675615546,,0.324384454
1425,,0.684766736,,0.315233264
1426,,0.694198685,,0.305801315
1427,,0.703900682,,0.296099318
1428,,0.713860177,,0.286139823
1429,,0.724062739,,0.275937261
1430,,0.734491921,,0.265508079
1431,,0.745129171,,0.254870829
1432,,0.755953774,,0.244046226
1433,,0.766942653,,0.233057347
1434,,0.778070261,,0.221929739
1435,,0.789308492,,0.210691508
1436,,0.80062649,,0.19937351
1437,,0.811990744,,0.188009256
1438,,0.82336522,,0.17663478
1439,,0.83471128,,0.16528872
1440,,0.845987763,,0.154012237
1441,,0.857151157,,0.142848843
1442,,0.868155562,,0.131844438
1443,,0.878952983,,0.121047017
1444,,0.889493764,,0.110506236
1445,,0.899726944,,0.100273056
1446,,0.909600801,,0.090399199
1447,,0.919063338,,0.080936662
1448,,0.928062596,,0.071937404
1449,,0.936547249,,0.063452751
1450,,0.944467196,,0.055532804
1451,,0.95177412,,0.04822588
1452,,0.958422155,,0.041577845
1453,,0.964368586,,0.035631414
1454,,0.969574414,,0.030425586
1455,,0.974004933,,0.025995067
1456,,0.977630271,,0.022369729
1457,,0.980425799,,0.019574201
1458,,0.98237253,,0.01762747
1459,,0.983457456,,0.016542544
1460,,0.983673739,,0.016326261
1461,,0.983020809,,0.016979191
1462,,0.981504317,,0.018495683
1463,,0.979135963,,0.020864037
1464,,0.975933261,,0.024066739
1465,,0.971919228,,0.028080772
1466,,0.967122027,,0.032877973
1467,,0.961574575,,0.038425425
1468,,0.95531396,,0.04468604
1469,,0.948380867,,0.051619133
1470,,0.940818973,,0.059181027
1471,,0.932674206,,0.067325794
1472,,0.923994223,,0.076005777
1473,,0.914827942,,0.085172058
1474,,0.905224871,,0.094775129
1475,,0.895234564,,0.104765436
1476,,0.884906143,,0.115093857
1477,,0.87428766,,0.12571234
1478,,0.863425767,,0.136574233
1479,,0.852365482,,0.147634518
1480,,0.841149921,,0.158850079
1481,,0.829820117,,0.170179883
1482,,0.81841508,,0.18158492
1483,,0.806971517,,0.193028483
1484,,0.795523656,,0.204476344
1485,,0.784103205,,0.215896795
1486,,0.772739188,,0.227260812
1487,,0.761457925,,0.238542075
1488,,0.750283351,,0.249716649
1489,,0.73923703,,0.26076297
1490,,0.728338253,,0.271661747
1491,,0.717604237,,0.282395763
1492,,0.7070502,,0.2929498
1493,,0.696689369,,0.303310631
1494,,0.686533164,,0.313466836
1495,,0.676591327,,0.323408673
1496,,0.666872046,,0.333127954
1497,,0.657382087,,0.342617913
1498,,0.648126908,,0.351873092
1499,,0.63911078,,0.36088922
1500,,0.630336898,,0.369663102
1501,,0.621807489,,0.378192511
1502,,0.613523913,,0.386476087
1503,,0.60548676,,0.39451324
1504,,0.597695931,,0.402304069
1505,,0.590150729,,0.409849271
1506,,0.582849929,,0.417150071
1507,,0.575791849,,0.424208151
1508,,0.568974411,,0.431025589
1509,,0.562395204,,0.437604796
1510,,0.556051535,,0.443948465
1511,,0.549940475,,0.450059525
1512,,0.544058908,,0.455941092
1513,,0.538403563,,0.461596437
1514,,0.532971058,,0.467028942
1515,,0.527757924,,0.472242076
1516,,0.522760633,,0.477239367
1517,,0.517975629,,0.482024371
1518,,0.513399342,,0.486600658
1519,,0.509028216,,0.490971784
1520,,0.50485872,,0.49514128
1521,,0.500887336,,0.499112664
1522,,0.497110635,,0.502889365
1523,,0.49352529,,0.50647471
1524,,0.490128045,,0.509871955
1525,,0.48691572,,0.51308428
1526,,0.483885223,,0.516114777
1527,,0.481033492,,0.518966508
1528,,0.478357544,,0.521642456
1529,,0.47585451,,0.52414549
1530,,0.473521645,,0.526478355
1531,,0.471356332,,0.528643668
1532,,0.469356138,,0.530643862
1533,,0.467518757,,0.532481243
1534,,0.465841986,,0.534158014
1535,,0.464323726,,0.535676274
1536,,0.462961965,,0.537038035
1537,,0.461754759,,0.538245241
1538,,0.460700282,,0.539299718
1539,,0.459796833,,0.540203167
1540,,0.459042833,,0.540957167
1541,,0.458436828,,0.541563172
1542,,0.457977507,,0.542022493
1543,,0.457663666,,0.542336334
1544,,0.457494198,,0.542505802
1545,,0.457468091,,0.542531909
1546,,0.457584416,,0.542415584
1547,,0.457842339,,0.542157661
1548,,0.458241133,,0.541758867
1549,,0.458780173,,0.541219827
1550,,0.459458929,,0.540541071
1551,,0.460276968,,0.539723032
1552,,0.461233941,,0.538766059
1553,,0.462329588,,0.537670412
1554,,0.46356373,,0.53643627
1555,,0.464936269,,0.535063731
1556,,0.466447184,,0.533552816
1557,,0.468096529,,0.531903471
1558,,0.469884428,,0.530115572
1559,,0.471811072,,0.528188928
1560,,0.473876717,,0.526123283
1561,,0.476081677,,0.523918323
1562,,0.478426325,,0.521573675
1563,,0.480911084,,0.519088916
1564,,0.483536425,,0.516463575
1565,,0.48630286,,0.51369714
1566,,0.48921094,,0.51078906
1567,,0.492261247,,0.507738753
1568,,0.495454391,,0.504545609
1569,,0.498791,,0.501209
1570,,0.502271719,,0.497728281
1571,,0.505897201,,0.494102799
1572,,0.509668098,,0.490331902
1573,,0.513585055,,0.486414945
1574,,0.517648703,,0.482351297
1575,,0.521859648,,0.478140352
1576,,0.526218465,,0.473781535
1577,,0.530725682,,0.469274318
1578,,0.53538178,,0.46461822
1579,,0.540187173,,0.459812827
1580,,0.545142203,,0.454857797
1581,,0.550247157,,0.449752843
1582,,0.555502192,,0.444497808
1583,,0.560907306,,0.439092694
1584,,0.566462365,,0.433537635
1585,,0.572167084,,0.427832916
1586,,0.578021013,,0.421978987
1587,,0.584023626,,0.415976374
1588,,0.59017427,,0.40982573
1589,,0.596472094,,0.403527906
1590,,0.602916036,,0.397083964
1591,,0.609504783,,0.390495217
1592,,0.61623661,,0.38376339
1593,,0.623109448,,0.376890552
1594,,0.630120912,,0.369879088
1595,,0.637268284,,0.362731716
1596,,0.64454856,,0.35545144
1597,,0.651958545,,0.348041455
1598,,0.659494693,,0.340505307
1599,,0.667153066,,0.332846934
1600,,0.674929315,,0.325070685
1601,,0.682818634,,0.317181366
1602,,0.690815572,,0.309184428
1603,,0.698914124,,0.301085876
1604,,0.707107778,,0.292892222
1605,,0.715389508,,0.284610492
1606,,0.723751836,,0.276248164
1607,,0.732186951,,0.267813049
1608,,0.740686533,,0.259313467
1609,,0.74924172,,0.25075828
1610,,0.757843102,,0.242156898
1611,,0.766480695,,0.233519305
1612,,0.775143756,,0.224856244
1613,,0.783820917,,0.216179083
1614,,0.792500276,,0.207499724
1615,,0.801169421,,0.198830579
1616,,0.809815571,,0.190184429
1617,,0.818425643,,0.181574357
1618,,0.826986066,,0.173013934
1619,,0.835482868,,0.164517132
1620,,0.843901711,,0.156098289
1621,,0.852227865,,0.147772135
1622,,0.860446287,,0.139553713
1623,,0.86854177,,0.13145823
1624,,0.876498958,,0.123501042
1625,,0.884302414,,0.115697586
1626,,0.891936685,,0.108063315
1627,,0.899386377,,0.100613623
1628,,0.906636229,,0.093363771
1629,,0.913671197,,0.086328803
1630,,0.920476531,,0.079523469
1631,,0.927037857,,0.072962143
1632,,0.933341262,,0.066658738
1633,,0.939373373,,0.060626627
1634,,0.945121442,,0.054878558
1635,,0.950573423,,0.049426577
1636,,0.955718043,,0.044281957
1637,,0.960544876,,0.039455124
1638,,0.965044412,,0.034955588
1639,,0.96920811,,0.03079189
1640,,0.973028458,,0.026971542
1641,,0.976499015,,0.023500985
1642,,0.979614452,,0.020385548
1643,,0.982370585,,0.017629415
1644,,0.984764393,,0.015235607
1645,,0.98679403,,0.01320597
1646,,0.988458832,,0.011541168
1647,,0.989759313,,0.010240687
1648,,0.990697145,,0.009302855
1649,,0.991275142,,0.008724858
1650,,0.991497225,,0.008502775
1651,,0.991368386,,0.008631614
1652,,0.990894636,,0.009105364
1653,,0.99008297,,0.00991703
1654,,0.988941314,,0.011058686
1655,,0.987478462,,0.012521538
1656,,0.985704006,,0.014295994
1657,,0.983628221,,0.016371779
1658,,0.981261993,,0.018738007
1659,,0.978616757,,0.021383243
1660,,0.975704423,,0.024295577
1661,,0.972537342,,0.027462658
1662,,0.969128272,,0.030871728
1663,,0.965490258,,0.034509742
1664,,0.961636561,,0.038363439
1665,,0.957580588,,0.042419412
1666,,0.953335747,,0.046664253
1667,,0.948915452,,0.051084548
1668,,0.944333147,,0.055666853
1669,,0.939602179,,0.060397821
1670,,0.934735754,,0.065264246
1671,,0.929746878,,0.070253122
1672,,0.924648228,,0.075351772
1673,,0.919452143,,0.080547857
1674,,0.914170647,,0.085829353
1675,,0.908815425,,0.091184575
1676,,0.90339781,,0.09660219
1677,,0.8979289,,0.1020711
1678,,0.892419458,,0.107580542
1679,,0.886879839,,0.113120161
1680,,0.881319985,,0.118680015
1681,,0.875749349,,0.124250651
1682,,0.870176806,,0.129823194
1683,,0.864610783,,0.135389217
1684,,0.859059277,,0.140940723
1685,,0.853529861,,0.146470139
1686,,0.848029705,,0.151970295
1687,,0.842565713,,0.157434287
1688,,0.837144442,,0.162855558
1689,,0.831772049,,0.168227951
1690,,0.826454302,,0.173545698
1691,,0.821196505,,0.178803495
1692,,0.816003492,,0.183996508
1693,,0.810879789,,0.189120211
1694,,0.805829589,,0.194170411
1695,,0.800856767,,0.199143233
1696,,0.795964942,,0.204035058
1697,,0.791157467,,0.208842533
1698,,0.786437391,,0.213562609
1699,,0.781807498,,0.218192502
1700,,0.777270321,,0.222729679
1701,,0.772828155,,0.227171845
1702,,0.768483076,,0.231516924
1703,,0.764236945,,0.235763055
1704,,0.760091428,,0.239908572
1705,,0.756048004,,0.243951996
1706,,0.752108003,,0.247891997
1707,,0.748272567,,0.251727433
1708,,0.744542654,,0.255457346
1709,,0.740919083,,0.259080917
1710,,0.737402549,,0.262597451
1711,,0.733993607,,0.266006393
1712,,0.730692771,,0.269307229
1713,,0.727500499,,0.272499501
1714,,0.724417146,,0.275582854
1715,,0.721442967,,0.278557033
1716,,0.718578082,,0.281421918
1717,,0.715822485,,0.284177515
1718,,0.713176123,,0.286823877
1719,,0.710638887,,0.289361113
1720,,0.708210619,,0.291789381
1721,,0.705891132,,0.294108868
1722,,0.703680206,,0.296319794
1723,,0.701577569,,0.298422431
1724,,0.699582911,,0.300417089
1725,,0.69769589,,0.30230411
1726,,0.695916126,,0.304083874
1727,,0.694243228,,0.305756772
1728,,0.692676795,,0.307323205
1729,,0.691216406,,0.308783594
1730,,0.689861616,,0.310138384
1731,,0.688611963,,0.311388037
1732,,0.68746695,,0.31253305
1733,,0.68642607,,0.31357393
1734,,0.685488815,,0.314511185
1735,,0.684654678,,0.315345322
1736,,0.683923162,,0.316076838
1737,,0.683293773,,0.316706227
1738,,0.68276601,,0.31723399
1739,,0.682339368,,0.317660632
1740,,0.682013333,,0.317986667
1741,,0.681787388,,0.318212612
1742,,0.681661019,,0.318338981
1743,,0.681633711,,0.318366289
1744,,0.68170495,,0.31829505
1745,,0.681874222,,0.318125778
1746,,0.682141018,,0.317858982
1747,,0.682504827,,0.317495173
1748,,0.682965127,,0.317034873
1749,,0.683521391,,0.316478609
1750,,0.684173084,,0.315826916
1751,,0.684919666,,0.315080334
1752,,0.685760617,,0.314239383
1753,,0.686695426,,0.313304574
1754,,0.687723589,,0.312276411
1755,,0.6888446,,0.3111554
1756,,0.69005794,,0.30994206
1757,,0.691363048,,0.308636952
1758,,0.692759349,,0.307240651
1759,,0.69424625,,0.30575375
1760,,0.695823144,,0.304176856
1761,,0.697489443,,0.302510557
1762,,0.699244549,,0.300755451
1763,,0.701087803,,0.298912197
1764,,0.703018521,,0.296981479
1765,,0.705035996,,0.294964004
1766,,0.70713949,,0.29286051
1767,,0.709328294,,0.290671706
1768,,0.7116017,,0.2883983
1769,,0.713958975,,0.286041025
1770,,0.716399363,,0.283600637
1771,,0.718922073,,0.281077927
1772,,0.721526193,,0.278473807
1773,,0.724210731,,0.275789269
1774,,0.726974644,,0.273025356
1775,,0.729816834,,0.270183166
1776,,0.732736191,,0.267263809
1777,,0.735731651,,0.264268349
1778,,0.738802109,,0.261197891
1779,,0.741946412,,0.258053588
1780,,0.745163353,,0.254836647
1781,,0.748451661,,0.251548339
1782,,0.751809897,,0.248190103
1783,,0.755236501,,0.244763499
1784,,0.758729837,,0.241270163
1785,,0.76228819,,0.23771181
1786,,0.76590984,,0.23409016
1787,,0.76959308,,0.23040692
1788,,0.773336098,,0.226663902
1789,,0.777136997,,0.222863003
1790,,0.780993797,,0.219006203
1791,,0.784904363,,0.215095637
1792,,0.788866464,,0.211133536
1793,,0.792877851,,0.207122149
1794,,0.796936181,,0.203063819
1795,,0.801039017,,0.198960983
1796,,0.805183859,,0.194816141
1797,,0.809368004,,0.190631996
1798,,0.813588558,,0.186411442
1799,,0.817842519,,0.182157481
1800,,0.822126777,,0.177873223
